"Security","Symbol","GICS Sector","GICS Sub Industry","Headquarters Location","Date first added","CIK"
"3M Company","MMM","Industrials","Industrial Conglomerates","St. Paul, Minnesota",NA,"0000066740"
"Abbott Laboratories","ABT","Health Care","Health Care Equipment","North Chicago, Illinois","1964-03-31","0000001800"
"AbbVie Inc.","ABBV","Health Care","Pharmaceuticals","North Chicago, Illinois","2012-12-31","0001551152"
"ABIOMED Inc","ABMD","Health Care","Health Care Equipment","Danvers, Massachusetts","2018-05-31","0000815094"
"Accenture plc","ACN","Information Technology","IT Consulting & Other Services","Dublin, Ireland","2011-07-06","0001467373"
"Activision Blizzard","ATVI","Communication Services","Interactive Home Entertainment","Santa Monica, California","2015-08-31","0000718877"
"Adobe Systems Inc","ADBE","Information Technology","Application Software","San Jose, California","1997-05-05","0000796343"
"Advanced Micro Devices Inc","AMD","Information Technology","Semiconductors","Sunnyvale, California","2017-03-20","0000002488"
"Advance Auto Parts","AAP","Consumer Discretionary","Automotive Retail","Roanoke, Virginia","2015-07-09","0001158449"
"AES Corp","AES","Utilities","Independent Power Producers & Energy Traders","Arlington, Virginia","1998-10-02","0000874761"
"Affiliated Managers Group Inc","AMG","Financials","Asset Management & Custody Banks","Beverly, Massachusetts","2014-07-01","0001004434"
"AFLAC Inc","AFL","Financials","Life & Health Insurance","Columbus, Georgia","1999-05-28","0000004977"
"Agilent Technologies Inc","A","Health Care","Health Care Equipment","Santa Clara, California","2000-06-05","0001090872"
"Air Products & Chemicals Inc","APD","Materials","Industrial Gases","Allentown, Pennsylvania","1985-04-30","0000002969"
"Akamai Technologies Inc","AKAM","Information Technology","Internet Services & Infrastructure","Cambridge, Massachusetts","2007-07-12","0001086222"
"Alaska Air Group Inc","ALK","Industrials","Airlines","Seattle, Washington","2016-05-13","0000766421"
"Albemarle Corp","ALB","Materials","Specialty Chemicals","Baton Rouge, Louisiana","2016-07-01","0000915913"
"Alexandria Real Estate Equities","ARE","Real Estate","Office REITs","Pasadena, California","2017-03-20","0001035443"
"Alexion Pharmaceuticals","ALXN","Health Care","Biotechnology","Cheshire, Connecticut","2012-05-25","0000899866"
"Align Technology","ALGN","Health Care","Health Care Supplies","San Jose, California","2017-06-19","0001097149"
"Allegion","ALLE","Industrials","Building Products","Dublin, Ireland","2013-12-02","0001579241"
"Allergan, Plc","AGN","Health Care","Pharmaceuticals","Dublin, Ireland","1999-04-12","0001578845"
"Alliance Data Systems","ADS","Information Technology","Data Processing & Outsourced Services","Plano, Texas","2013-12-23","0001101215"
"Alliant Energy Corp","LNT","Utilities","Electric Utilities","Madison, Wisconsin","2016-07-01","0000352541"
"Allstate Corp","ALL","Financials","Property & Casualty Insurance","Northfield Township, Illinois","1995-07-13","0000899051"
"Alphabet Inc Class A","GOOGL","Communication Services","Interactive Media & Services","Mountain View, California","2014-04-03","0001652044"
"Alphabet Inc Class C","GOOG","Communication Services","Interactive Media & Services","Mountain View, California","2006-04-03","0001652044"
"Altria Group Inc","MO","Consumer Staples","Tobacco","Richmond, Virginia",NA,"0000764180"
"Amazon.com Inc.","AMZN","Consumer Discretionary","Internet & Direct Marketing Retail","Seattle, Washington","2005-11-18","0001018724"
"Ameren Corp","AEE","Utilities","Multi-Utilities","St. Louis, Missouri","1991-09-19","0001002910"
"American Airlines Group","AAL","Industrials","Airlines","Fort Worth, Texas","2015-03-23","0000006201"
"American Electric Power","AEP","Utilities","Electric Utilities","Columbus, Ohio",NA,"0000004904"
"American Express Co","AXP","Financials","Consumer Finance","New York, New York","1976-06-30","0000004962"
"American International Group","AIG","Financials","Property & Casualty Insurance","New York, New York","1980-03-31","0000005272"
"American Tower Corp.","AMT","Real Estate","Specialized REITs","Boston, Massachusetts","2007-11-19","0001053507"
"American Water Works Company Inc","AWK","Utilities","Water Utilities","Voorhees, New Jersey","2016-03-04","0001410636"
"Ameriprise Financial","AMP","Financials","Asset Management & Custody Banks","Minneapolis, Minnesota","2005-10-03","0000820027"
"AmerisourceBergen Corp","ABC","Health Care","Health Care Distributors","Chesterbrook, Pennsylvania","2001-08-30","0001140859"
"AMETEK Inc.","AME","Industrials","Electrical Components & Equipment","Berwyn, Pennsylvania","2013-09-23","0001037868"
"Amgen Inc.","AMGN","Health Care","Biotechnology","Thousand Oaks, California","1992-01-02","0000318154"
"Amphenol Corp","APH","Information Technology","Electronic Components","Wallingford, Connecticut","2008-09-30","0000820313"
"Anadarko Petroleum Corp","APC","Energy","Oil & Gas Exploration & Production","The Woodlands, Texas","1997-07-28","0000773910"
"Analog Devices, Inc.","ADI","Information Technology","Semiconductors","Norwood, Massachusetts","1999-10-12","0000006281"
"ANSYS","ANSS","Information Technology","Application Software","Canonsburg, Pennsylvania","2017-06-19","0001013462"
"Anthem Inc.","ANTM","Health Care","Managed Health Care","Indianapolis, Indiana","2002-07-25","0001156039"
"Aon plc","AON","Financials","Insurance Brokers","London, United Kingdom","1996-04-23","0000315293"
"A.O. Smith Corp","AOS","Industrials","Building Products","Milwaukee, Wisconsin","2017-07-26","0000091142"
"Apache Corporation","APA","Energy","Oil & Gas Exploration & Production","Houston, Texas","1997-07-28","0000006769"
"Apartment Investment & Management","AIV","Real Estate","Residential REITs","Denver, Colorado","2003-03-14","0000922864"
"Apple Inc.","AAPL","Information Technology","Technology Hardware, Storage & Peripherals","Cupertino, California","1982-11-30","0000320193"
"Applied Materials Inc.","AMAT","Information Technology","Semiconductor Equipment","Santa Clara, California","1995-03-16","0000006951"
"Aptiv Plc","APTV","Consumer Discretionary","Auto Parts & Equipment","Gillingham, Kent, United Kingdom","2012-12-24","0001521332"
"Archer-Daniels-Midland Co","ADM","Consumer Staples","Agricultural Products","Decatur, Illinois","1981-07-29","0000007084"
"Arconic Inc.","ARNC","Industrials","Aerospace & Defense","New York, New York","1964-03-31","0000004281"
"Arista Networks","ANET","Information Technology","Communications Equipment","Santa Clara, California","2018-08-28","0001596532"
"Arthur J. Gallagher & Co.","AJG","Financials","Insurance Brokers","Itasca, Illinois","2016-05-31","0000354190"
"Assurant","AIZ","Financials","Multi-line Insurance","New York, New York","2007-04-10","0001267238"
"Atmos Energy Corp","ATO","Utilities","Gas Utilities","Dallas, Texas","2019-02-15","0000731802"
"AT&T Inc.","T","Communication Services","Integrated Telecommunication Services","Dallas, Texas","1983-11-30","0000732717"
"Autodesk Inc.","ADSK","Information Technology","Application Software","San Rafael, California","1989-12-01","0000769397"
"Automatic Data Processing","ADP","Information Technology","Internet Software & Services","Roseland, New Jersey","1981-03-31","0000008670"
"AutoZone Inc","AZO","Consumer Discretionary","Specialty Stores","Memphis, Tennessee","1997-01-02","0000866787"
"AvalonBay Communities, Inc.","AVB","Real Estate","Residential REITs","Arlington, Virginia","2007-01-10","0000915912"
"Avery Dennison Corp","AVY","Materials","Paper Packaging","Glendale, California","1987-12-31","0000008818"
"Baker Hughes, a GE Company","BHGE","Energy","Oil & Gas Equipment & Services","Houston, Texas",NA,"0001701605"
"Ball Corp","BLL","Materials","Metal & Glass Containers","Broomfield, Colorado","1984-10-31","0000009389"
"Bank of America Corp","BAC","Financials","Diversified Banks","Charlotte, North Carolina","1976-06-30","0000070858"
"The Bank of New York Mellon Corp.","BK","Financials","Asset Management & Custody Banks","New York, New York","1995-03-31","0001390777"
"Baxter International Inc.","BAX","Health Care","Health Care Equipment","Deerfield, Illinois","1972-09-30","0000010456"
"BB&T Corporation","BBT","Financials","Regional Banks","Winston-Salem, North Carolina","1997-12-04","0000092230"
"Becton Dickinson","BDX","Health Care","Health Care Equipment","Franklin Lakes, New Jersey","1972-09-30","0000010795"
"Berkshire Hathaway","BRK.B","Financials","Multi-Sector Holdings","Omaha, Nebraska","2010-02-16","0001067983"
"Best Buy Co. Inc.","BBY","Consumer Discretionary","Computer & Electronics Retail","Richfield, Minnesota","1999-06-29","0000764478"
"Biogen Inc.","BIIB","Health Care","Biotechnology","Weston, Massachusetts","2003-11-13","0000875045"
"BlackRock","BLK","Financials","Asset Management & Custody Banks","New York, New York","2011-04-04","0001364742"
"Block H&R","HRB","Consumer Discretionary","Specialized Consumer Services","Kansas City, Missouri","1986-11-30","0000012659"
"Boeing Company","BA","Industrials","Aerospace & Defense","Chicago, Illinois",NA,"0000012927"
"Booking Holdings Inc","BKNG","Consumer Discretionary","Internet & Direct Marketing Retail","Norwalk, Connecticut","2009-11-06","0001075531"
"BorgWarner","BWA","Consumer Discretionary","Auto Parts & Equipment","Auburn Hills, Michigan","2011-12-19","0000908255"
"Boston Properties","BXP","Real Estate","Office REITs","Boston, Massachusetts","2006-04-03","0001037540"
"Boston Scientific","BSX","Health Care","Health Care Equipment","Marlborough, Massachusetts","1995-02-24","0000885725"
"Brighthouse Financial Inc","BHF","Financials","Life & Health Insurance","Charlotte, North Carolina","2017-08-08","0001685040"
"Bristol-Myers Squibb","BMY","Health Care","Health Care Distributors","New York, New York",NA,"0000014272"
"Broadcom","AVGO","Information Technology","Semiconductors","San Jose, California","2014-05-08","0001441634"
"Broadridge Financial Solutions","BR","Information Technology","Data Processing & Outsourced Services","Lake Success, New York","2018-06-18","0001383312"
"Brown-Forman Corp.","BF.B","Consumer Staples","Distillers & Vintners","Louisville, Kentucky","1982-10-31","0000014693"
"C. H. Robinson Worldwide","CHRW","Industrials","Air Freight & Logistics","Eden Prairie, Minnesota","2007-03-02","0001043277"
"Cabot Oil & Gas","COG","Energy","Oil & Gas Exploration & Production","Houston, Texas","2008-06-23","0000858470"
"Cadence Design Systems","CDNS","Information Technology","Application Software","San Jose, California","2017-09-18","0000813672"
"Campbell Soup","CPB","Consumer Staples","Packaged Foods & Meats","Camden, New Jersey",NA,"0000016732"
"Capital One Financial","COF","Financials","Consumer Finance","Tysons Corner, Virginia","1998-07-01","0000927628"
"Capri Holdings","CPRI","Consumer Discretionary","Apparel, Accessories & Luxury Goods","New York, New York","2013-11-13","0001530721"
"Cardinal Health Inc.","CAH","Health Care","Health Care Distributors","Dublin, Ohio","1997-05-27","0000721371"
"Carmax Inc","KMX","Consumer Discretionary","Specialty Stores","Richmond, Virginia","2010-06-28","0001170010"
"Carnival Corp.","CCL","Consumer Discretionary","Hotels, Resorts & Cruise Lines","Miami, Florida","1998-12-22","0000815097"
"Caterpillar Inc.","CAT","Industrials","Construction Machinery & Heavy Trucks","Peoria, Illinois",NA,"0000018230"
"Cboe Global Markets","CBOE","Financials","Financial Exchanges & Data","Chicago, Illinois","2017-03-01","0001374310"
"CBRE Group","CBRE","Real Estate","Real Estate Services","Los Angeles, California","2006-11-10","0001138118"
"CBS Corp.","CBS","Communication Services","Broadcasting","New York, New York","1994-09-01","0000813828"
"Celanese Corp.","CE","Materials","Specialty Chemicals","Irving, Texas","2018-12-24","0001306830"
"Celgene Corp.","CELG","Health Care","Biotechnology","Summit, New Jersey","2006-11-06","0000816284"
"Centene Corporation","CNC","Health Care","Managed Health Care","St Louis, Missouri","2016-03-30","0001071739"
"CenterPoint Energy","CNP","Utilities","Multi-Utilities","Houston, Texas","1985-07-31","0001130310"
"CenturyLink Inc","CTL","Communication Services","Integrated Telecommunication Services","Monroe, Louisiana","1999-03-25","0000018926"
"Cerner","CERN","Health Care","Health Care Technology","North Kansas City, Missouri","2010-04-30","0000804753"
"CF Industries Holdings Inc","CF","Materials","Fertilizers & Agricultural Chemicals","Deerfield, Illinois","2008-08-27","0001324404"
"Charles Schwab Corporation","SCHW","Financials","Investment Banking & Brokerage","San Francisco, California","1997-06-02","0000316709"
"Charter Communications","CHTR","Communication Services","Cable & Satellite","Stamford, Connecticut","2016-09-08","0001091667"
"Chevron Corp.","CVX","Energy","Integrated Oil & Gas","San Ramon, California",NA,"0000093410"
"Chipotle Mexican Grill","CMG","Consumer Discretionary","Restaurants","Denver, Colorado","2011-04-28","0001058090"
"Chubb Limited","CB","Financials","Property & Casualty Insurance","Zurich, Switzerland","2010-07-15","0000896159"
"Church & Dwight","CHD","Consumer Staples","Household Products","Ewing, New Jersey","2015-12-29","0000313927"
"CIGNA Corp.","CI","Health Care","Managed Health Care","Bloomfield, Connecticut","1976-06-30","0000701221"
"Cimarex Energy","XEC","Energy","Oil & Gas Exploration & Production","Denver, Colorado","2014-06-21","0001168054"
"Cincinnati Financial","CINF","Financials","Property & Casualty Insurance","Fairfield, Ohio","1997-12-18","0000020286"
"Cintas Corporation","CTAS","Industrials","Diversified Support Services","Mason, Ohio","2001-03-01","0000723254"
"Cisco Systems","CSCO","Information Technology","Communications Equipment","San Jose, California","1993-12-01","0000858877"
"Citigroup Inc.","C","Financials","Diversified Banks","New York, New York","1988-05-31","0000831001"
"Citizens Financial Group","CFG","Financials","Regional Banks","Providence, Rhode Island","2016-01-29","0000759944"
"Citrix Systems","CTXS","Information Technology","Internet Software & Services","Fort Lauderdale, Florida","1999-12-01","0000877890"
"The Clorox Company","CLX","Consumer Staples","Household Products","Oakland, California","1969-03-31","0000021076"
"CME Group Inc.","CME","Financials","Financial Exchanges & Data","Chicago, Illinois","2006-08-11","0001156375"
"CMS Energy","CMS","Utilities","Multi-Utilities","Jackson, Michigan","1999-05-03","0000811156"
"Coca-Cola Company","KO","Consumer Staples","Soft Drinks","Atlanta, Georgia",NA,"0000021344"
"Cognizant Technology Solutions","CTSH","Information Technology","IT Consulting & Other Services","Teaneck, New Jersey","2006-11-17","0001058290"
"Colgate-Palmolive","CL","Consumer Staples","Household Products","New York, New York",NA,"0000021665"
"Comcast Corp.","CMCSA","Communication Services","Cable & Satellite","Philadelphia, Pennsylvania","2015-09-18","0001166691"
"Comerica Inc.","CMA","Financials","Diversified Banks","Dallas, Texas","1995-12-01","0000028412"
"Conagra Brands","CAG","Consumer Staples","Packaged Foods & Meats","Chicago, Illinois","1983-08-31","0000023217"
"Concho Resources","CXO","Energy","Oil & Gas Exploration & Production","Midland, Texas","2016-02-22","0001358071"
"ConocoPhillips","COP","Energy","Oil & Gas Exploration & Production","Houston, Texas",NA,"0001163165"
"Consolidated Edison","ED","Utilities","Electric Utilities","New York, New York",NA,"0001047862"
"Constellation Brands","STZ","Consumer Staples","Distillers & Vintners","Victor, New York","2005-07-05","0000016918"
"The Cooper Companies","COO","Health Care","Health Care Supplies","Pleasanton, California","2016-09-23","0000711404"
"Copart Inc","CPRT","Industrials","Diversified Support Services","Dallas, Texas","2018-07-02","0000900075"
"Corning Inc.","GLW","Information Technology","Electronic Components","Corning, New York",NA,"0000024741"
"Costco Wholesale Corp.","COST","Consumer Staples","Hypermarkets & Super Centers","Issaquah, Washington","1993-10-01","0000909832"
"Coty, Inc","COTY","Consumer Staples","Personal Products","New York, New York","2016-10-03","0001024305"
"Crown Castle International Corp.","CCI","Real Estate","Specialized REITs","Houston, Texas","2012-03-14","0001051470"
"CSX Corp.","CSX","Industrials","Railroads","Jacksonville, Florida","1967-09-30","0000277948"
"Cummins Inc.","CMI","Industrials","Industrial Machinery","Columbus, Indiana","1965-03-31","0000026172"
"CVS Health","CVS","Health Care","Health Care Services","Woonsocket, Rhode Island",NA,"0000064803"
"D. R. Horton","DHI","Consumer Discretionary","Homebuilding","Fort Worth, Texas",NA,"0000882184"
"Danaher Corp.","DHR","Health Care","Health Care Equipment","Washington, D.C.",NA,"0000313616"
"Darden Restaurants","DRI","Consumer Discretionary","Restaurants","Orlando, Florida",NA,"0000940944"
"DaVita Inc.","DVA","Health Care","Health Care Facilities","Denver, Colorado","2008-07-31","0000927066"
"Deere & Co.","DE","Industrials","Agricultural & Farm Machinery","Moline, Illinois",NA,"0000315189"
"Delta Air Lines Inc.","DAL","Industrials","Airlines","Atlanta, Georgia","2013-09-11","0000027904"
"Dentsply Sirona","XRAY","Health Care","Health Care Supplies","York, Pennsylvania","2008-11-14","0000818479"
"Devon Energy","DVN","Energy","Oil & Gas Exploration & Production","Oklahoma City, Oklahoma","2000-08-30","0001090012"
"Diamondback Energy","FANG","Energy","Oil & Gas Exploration & Production","Midland, Texas","2018-12-03","0001539838"
"Digital Realty Trust Inc","DLR","Real Estate","Specialized REITs","San Francisco, California","2016-05-18","0001297996"
"Discover Financial Services","DFS","Financials","Consumer Finance","Riverwoods, Illinois","2007-07-02","0001393612"
"Discovery Inc. Class A","DISCA","Communication Services","Broadcasting","Silver Spring, Maryland","2010-03-01","0001437107"
"Discovery Inc. Class C","DISCK","Communication Services","Broadcasting","Silver Spring, Maryland","2014-08-07","0001437107"
"Dish Network","DISH","Communication Services","Cable & Satellite","Meridian, Colorado","2017-03-13","0001001082"
"Dollar General","DG","Consumer Discretionary","General Merchandise Stores","Goodlettsville, Tennessee","2012-12-03","0000029534"
"Dollar Tree","DLTR","Consumer Discretionary","General Merchandise Stores","Chesapeake, Virginia","2011-12-19","0000935703"
"Dominion Energy","D","Utilities","Electric Utilities","Richmond, Virginia",NA,"0000715957"
"Dover Corp.","DOV","Industrials","Industrial Machinery","Downers Grove, Illinois","1985-10-31","0000029905"
"DowDuPont","DWDP","Materials","Diversified Chemicals","Midland, Michigan",NA,"0001666700"
"DTE Energy Co.","DTE","Utilities","Multi-Utilities","Detroit, Michigan",NA,"0000936340"
"Duke Realty Corp","DRE","Real Estate","Industrial REITs","Indianapolis, Indiana","2017-07-26","0000783280"
"Duke Energy","DUK","Utilities","Electric Utilities","Charlotte, North Carolina","1976-06-30","0001326160"
"DXC Technology","DXC","Information Technology","IT Consulting & Other Services","Tysons Corner, Virginia","2017-04-04","0001688568"
"E*Trade","ETFC","Financials","Investment Banking & Brokerage","New York, New York","2004-03-31","0001015780"
"Eastman Chemical","EMN","Materials","Diversified Chemicals","Kingsport, Tennessee","1994-01-01","0000915389"
"Eaton Corporation","ETN","Industrials","Electrical Components & Equipment","Dublin, Ireland",NA,"0001551182"
"eBay Inc.","EBAY","Consumer Discretionary","Internet & Direct Marketing Retail","San Jose, California",NA,"0001065088"
"Ecolab Inc.","ECL","Materials","Specialty Chemicals","St. Paul, Minnesota","1989-01-31","0000031462"
"Edison Int'l","EIX","Utilities","Electric Utilities","Rosemead, California",NA,"0000827052"
"Edwards Lifesciences","EW","Health Care","Health Care Equipment","Irvine, California","2011-04-01","0001099800"
"Electronic Arts","EA","Communication Services","Interactive Home Entertainment","Redwood City, California","2002-07-22","0000712515"
"Emerson Electric Company","EMR","Industrials","Electrical Components & Equipment","Ferguson, Missouri","1965-03-31","0000032604"
"Entergy Corp.","ETR","Utilities","Electric Utilities","New Orleans, Louisiana",NA,"0000065984"
"EOG Resources","EOG","Energy","Oil & Gas Exploration & Production","Houston, Texas","2000-11-02","0000821189"
"Equifax Inc.","EFX","Industrials","Research & Consulting Services","Atlanta, Georgia","1997-06-19","0000033185"
"Equinix","EQIX","Real Estate","Specialized REITs","Redwood City, California","2015-03-20","0001101239"
"Equity Residential","EQR","Real Estate","Residential REITs","Chicago, Illinois","2001-12-03","0000906107"
"Essex Property Trust, Inc.","ESS","Real Estate","Residential REITs","Palo Alto, California","2014-04-02","0000920522"
"Estee Lauder Cos.","EL","Consumer Staples","Personal Products","New York, New York","2006-01-05","0001001250"
"Evergy","EVRG","Utilities","Electric Utilities","Kansas City, Missouri","2018-06-05","0001711269"
"Eversource Energy","ES","Utilities","Multi-Utilities","Springfield, Massachusetts",NA,"0000072741"
"Everest Re Group Ltd.","RE","Financials","Reinsurance","Hamilton, Bermuda","2017-06-19","0001095073"
"Exelon Corp.","EXC","Utilities","Multi-Utilities","Chicago, Illinois",NA,"0001109357"
"Expedia Group","EXPE","Consumer Discretionary","Internet & Direct Marketing Retail","Bellevue, Washington","2007-10-02","0001324424"
"Expeditors","EXPD","Industrials","Air Freight & Logistics","Seattle, Washington","2007-10-10","0000746515"
"Extra Space Storage","EXR","Real Estate","Specialized REITs","Salt Lake City, Utah","2016-01-19","0001289490"
"Exxon Mobil Corp.","XOM","Energy","Integrated Oil & Gas","Irving, Texas",NA,"0000034088"
"F5 Networks","FFIV","Information Technology","Communications Equipment","Seattle, Washington","2010-12-20","0001048695"
"Facebook, Inc.","FB","Communication Services","Interactive Media & Services","Menlo Park, California","2013-12-23","0001326801"
"Fastenal Co","FAST","Industrials","Building Products","Winona, Minnesota","2009-09-15","0000815556"
"Federal Realty Investment Trust","FRT","Real Estate","Retail REITs","Rockville, Maryland","2016-02-01","0000034903"
"FedEx Corporation","FDX","Industrials","Air Freight & Logistics","Memphis, Tennessee","1980-12-31","0001048911"
"Fidelity National Information Services","FIS","Information Technology","Internet Software & Services","Jacksonville, Florida","2006-11-10","0001136893"
"Fifth Third Bancorp","FITB","Financials","Regional Banks","Cincinnati, Ohio",NA,"0000035527"
"FirstEnergy Corp","FE","Utilities","Electric Utilities","Akron, Ohio",NA,"0001031296"
"First Republic Bank","FRC","Financials","Regional Banks","San Francisco, California","2019-01-02","0001132979"
"Fiserv Inc","FISV","Information Technology","Internet Software & Services","Brookfield, Wisconsin","2001-04-02","0000798354"
"FleetCor Technologies Inc","FLT","Information Technology","Data Processing & Outsources Services","Norcross, Georgia","2018-06-20","0001175454"
"FLIR Systems","FLIR","Information Technology","Electronic Equipment & Instruments","Wilsonville, Oregon","2009-01-02","0000354908"
"Flowserve Corporation","FLS","Industrials","Industrial Machinery","Irving, Texas","2008-10-02","0000030625"
"Fluor Corp.","FLR","Industrials","Construction & Engineering","Irving, Texas","1980-03-31","0001124198"
"FMC Corporation","FMC","Materials","Fertilizers & Agricultural Chemicals","Philadelphia, Pennsylvania","2009-08-19","0000037785"
"Foot Locker Inc","FL","Consumer Discretionary","Apparel Retail","New York, New York","2016-04-04","0000850209"
"Ford Motor","F","Consumer Discretionary","Automobile Manufacturers","Dearborn, Michigan",NA,"0000037996"
"Fortinet","FTNT","Information Technology","Systems Software","Sunnyvale, California","2018-10-11","0001262039"
"Fortive Corp","FTV","Industrials","Industrial Machinery","Everett, Washington","2016-07-01","0001659166"
"Fortune Brands Home & Security","FBHS","Industrials","Building Products","Deerfield, Illinois","2016-06-22","0001519751"
"Franklin Resources","BEN","Financials","Asset Management & Custody Banks","San Mateo, California",NA,"0000038777"
"Freeport-McMoRan Inc.","FCX","Materials","Copper","Phoenix, Arizona",NA,"0000831259"
"Gap Inc.","GPS","Consumer Discretionary","Apparel Retail","San Francisco, California","1986-08-31","0000039911"
"Garmin Ltd.","GRMN","Consumer Discretionary","Consumer Electronics","Schaffhausen, Switzerland","2012-12-12","0001121788"
"Gartner Inc","IT","Information Technology","IT Consulting & Other Services","Stamford, Connecticut","2017-04-05","0000749251"
"General Dynamics","GD","Industrials","Aerospace & Defense","Falls Church, Virginia",NA,"0000040533"
"General Electric","GE","Industrials","Industrial Conglomerates","Boston, Massachusetts",NA,"0000040545"
"General Mills","GIS","Consumer Staples","Packaged Foods & Meats","Golden Valley, Minnesota","1969-03-31","0000040704"
"General Motors","GM","Consumer Discretionary","Automobile Manufacturers","Detroit, Michigan","2013-06-06","0001467858"
"Genuine Parts","GPC","Consumer Discretionary","Specialty Stores","Atlanta, Georgia","1973-12-31","0000040987"
"Gilead Sciences","GILD","Health Care","Biotechnology","Foster City, California","2004-07-01","0000882095"
"Global Payments Inc.","GPN","Information Technology","Data Processing & Outsourced Services","Atlanta, Georgia","2016-04-25","0001123360"
"Goldman Sachs Group","GS","Financials","Investment Banking & Brokerage","New York, New York","2002-07-22","0000886982"
"Grainger (W.W.) Inc.","GWW","Industrials","Industrial Machinery","Lake Forest, Illinois","1981-06-30","0000277135"
"Halliburton Co.","HAL","Energy","Oil & Gas Equipment & Services","Houston, Texas",NA,"0000045012"
"Hanesbrands Inc","HBI","Consumer Discretionary","Apparel, Accessories & Luxury Goods","Winston-Salem, North Carolina","2015-03-20","0001359841"
"Harley-Davidson","HOG","Consumer Discretionary","Motorcycle Manufacturers","Milwaukee, Wisconsin",NA,"0000793952"
"Harris Corporation","HRS","Industrials","Aerospace & Defense","Melbourne, Florida","2008-09-22","0000202058"
"Hartford Financial Svc.Gp.","HIG","Financials","Property & Casualty Insurance","Hartford, Connecticut",NA,"0000874766"
"Hasbro Inc.","HAS","Consumer Discretionary","Leisure Products","Pawtucket, Rhode Island","1984-09-30","0000046080"
"HCA Holdings","HCA","Health Care","Health Care Facilities","Nashville, Tennessee","2015-01-27","0000860730"
"HCP Inc.","HCP","Real Estate","Health Care REITs","Long Beach, California","2008-03-31","0000765880"
"Helmerich & Payne","HP","Energy","Oil & Gas Drilling","Tulsa, Oklahoma","2010-03-01","0000046765"
"Henry Schein","HSIC","Health Care","Health Care Distributors","Melville, New York","2015-03-17","0001000228"
"The Hershey Company","HSY","Consumer Staples","Packaged Foods & Meats","Hershey, Pennsylvania",NA,"0000047111"
"Hess Corporation","HES","Energy","Integrated Oil & Gas","New York, New York","1984-05-31","0000004447"
"Hewlett Packard Enterprise","HPE","Information Technology","Technology Hardware, Storage & Peripherals","Palo Alto, California","2015-11-02","0001645590"
"Hilton Worldwide Holdings Inc","HLT","Consumer Discretionary","Hotels, Resorts & Cruise Lines","Tysons Corner, Virginia","2017-06-19","0001585689"
"HollyFrontier Corp","HFC","Energy","Oil & Gas Refining & Marketing","Dallas, Texas","2018-06-18","0000048039"
"Hologic","HOLX","Health Care","Health Care Equipment","Marlborough, Massachusetts","2016-03-30","0000859737"
"Home Depot","HD","Consumer Discretionary","Home Improvement Retail","Atlanta, Georgia","1988-03-31","0000354950"
"Honeywell Int'l Inc.","HON","Industrials","Industrial Conglomerates","Morristown, New Jersey","1964-03-31","0000773840"
"Hormel Foods Corp.","HRL","Consumer Staples","Packaged Foods & Meats","Austin, Minnesota","2009-03-04","0000048465"
"Host Hotels & Resorts","HST","Real Estate","Hotel & Resort REITs","Bethesda, Maryland","2007-03-20","0001070750"
"HP Inc.","HPQ","Information Technology","Technology Hardware, Storage & Peripherals","Palo Alto, California","1974-12-31","0000047217"
"Humana Inc.","HUM","Health Care","Managed Health Care","Louisville, Kentucky",NA,"0000049071"
"Huntington Bancshares","HBAN","Financials","Regional Banks","Columbus, Ohio",NA,"0000049196"
"Huntington Ingalls Industries","HII","Industrials","Aerospace & Defense","Newport News, Virginia","2018-01-03","0001501585"
"IDEXX Laboratories","IDXX","Health Care","Health Care Equipment","Westbrook, Maine","2017-01-05","0000874716"
"IHS Markit Ltd.","INFO","Industrials","Research & Consulting Services","London, United Kingdom","2017-06-02","0001598014"
"Illinois Tool Works","ITW","Industrials","Industrial Machinery","Glenview, Illinois","1986-02-28","0000049826"
"Illumina Inc","ILMN","Health Care","Life Sciences Tools & Services","San Diego, California","2015-11-19","0001110803"
"Ingersoll-Rand PLC","IR","Industrials","Industrial Machinery","Dublin, Ireland","2010-11-17","0001466258"
"Intel Corp.","INTC","Information Technology","Semiconductors","Santa Clara, California","1976-12-31","0000050863"
"Intercontinental Exchange","ICE","Financials","Financial Exchanges & Data","Atlanta, Georgia","2007-09-26","0001571949"
"International Business Machines","IBM","Information Technology","IT Consulting & Other Services","Armonk, New York",NA,"0000051143"
"Incyte","INCY","Health Care","Biotechnology","Wilmington, Delaware","2017-02-28","0000879169"
"International Paper","IP","Materials","Paper Packaging","Memphis, Tennessee",NA,"0000051434"
"Interpublic Group","IPG","Communication Services","Advertising","New York, New York","1992-10-01","0000051644"
"Intl Flavors & Fragrances","IFF","Materials","Specialty Chemicals","New York, New York","1976-03-31","0000051253"
"Intuit Inc.","INTU","Information Technology","Internet Software & Services","Mountain View, California","2000-12-05","0000896878"
"Intuitive Surgical Inc.","ISRG","Health Care","Health Care Equipment","Sunnyvale, California","2008-06-02","0001035267"
"Invesco Ltd.","IVZ","Financials","Asset Management & Custody Banks","Atlanta, Georgia","2008-08-21","0000914208"
"IPG Photonics Corp.","IPGP","Information Technology","Electronic Manufacturing Services","Oxford, Massachusetts","2018-03-07","0001111928"
"IQVIA Holdings Inc.","IQV","Health Care","Life Sciences Tools & Service","Durham, North Carolina","2017-08-29","0001478242"
"Iron Mountain Incorporated","IRM","Real Estate","Specialized REITs","Boston, Massachusetts","2009-01-06","0001020569"
"Jack Henry & Associates Inc","JKHY","Information Technology","Data Processing & Outsourced Services","Monett, Missouri","2018-11-13","0001262439"
"Jacobs Engineering Group","JEC","Industrials","Construction & Engineering","Pasadena, California","2007-10-26","0000052988"
"J. B. Hunt Transport Services","JBHT","Industrials","Trucking","Lowell, Arkansas","2015-07-01","0000728535"
"Jefferies Financial Group","JEF","Financials","Multi-Sector Holdings","New York, New York","2007-08-27","0000096223"
"JM Smucker","SJM","Consumer Staples","Packaged Foods & Meats","Orrville, Ohio","2008-11-06","0000091419"
"Johnson & Johnson","JNJ","Health Care","Pharmaceuticals","New Brunswick, New Jersey","1973-06-30","0000200406"
"Johnson Controls International","JCI","Industrials","Building Products","Cork, Ireland","2010-08-27","0000833444"
"JPMorgan Chase & Co.","JPM","Financials","Diversified Banks","New York, New York","1975-06-30","0000019617"
"Juniper Networks","JNPR","Information Technology","Communications Equipment","Sunnyvale, California",NA,"0001043604"
"Kansas City Southern","KSU","Industrials","Railroads","Kansas City, Missouri","2013-05-24","0000054480"
"Kellogg Co.","K","Consumer Staples","Packaged Foods & Meats","Battle Creek, Michigan",NA,"0000055067"
"KeyCorp","KEY","Financials","Regional Banks","Cleveland, Ohio","1994-03-01","0000091576"
"Keysight Technologies","KEYS","Information Technology","Electronic Equipment & Instruments","Santa Rosa, California","2018-11-06","0001601046"
"Kimberly-Clark","KMB","Consumer Staples","Household Products","Irving, Texas",NA,"0000055785"
"Kimco Realty","KIM","Real Estate","Retail REITs","New Hyde Park, New York","2006-04-04","0000879101"
"Kinder Morgan","KMI","Energy","Oil & Gas Storage & Transportation","Houston, Texas","2012-05-25","0001506307"
"KLA-Tencor Corp.","KLAC","Information Technology","Semiconductor Equipment","Milpitas, California",NA,"0000319201"
"Kohl's Corp.","KSS","Consumer Discretionary","General Merchandise Stores","Menomonee Falls, Wisconsin",NA,"0000885639"
"Kraft Heinz Co","KHC","Consumer Staples","Packaged Foods & Meats","Pittsburgh, Pennsylvania","2015-07-06","0001637459"
"Kroger Co.","KR","Consumer Staples","Food Retail","Cincinnati, Ohio",NA,"0000056873"
"L Brands Inc.","LB","Consumer Discretionary","Apparel Retail","Columbus, Ohio","1983-09-30","0000701985"
"L-3 Communications Holdings","LLL","Industrials","Aerospace & Defense","New York, New York",NA,"0001056239"
"Laboratory Corp. of America Holding","LH","Health Care","Health Care Services","Burlington, North Carolina","2004-11-01","0000920148"
"Lam Research","LRCX","Information Technology","Semiconductor Equipment","Fremont, California","2012-06-29","0000707549"
"Lamb Weston Holdings Inc","LW","Consumer Staples","Packaged Foods & Meats","Eagle, Idaho","2018-12-03","0001679273"
"Leggett & Platt","LEG","Consumer Discretionary","Home Furnishings","Carthage, Missouri",NA,"0000058492"
"Lennar Corp.","LEN","Consumer Discretionary","Homebuilding","Miami, Florida","2005-10-04","0000920760"
"Lilly (Eli) & Co.","LLY","Health Care","Pharmaceuticals","Indianapolis, Indiana","1970-12-31","0000059478"
"Lincoln National","LNC","Financials","Multi-line Insurance","Radnor, Pennsylvania","1976-06-30","0000059558"
"Linde plc","LIN","Materials","Industrial Gases","Guildford, Surrey, United Kingdom","1992-07-01","0001707925"
"LKQ Corporation","LKQ","Consumer Discretionary","Distributors","Chicago, Illinois","2016-05-23","0001065696"
"Lockheed Martin Corp.","LMT","Industrials","Aerospace & Defense","Bethesda, Maryland","1984-07-31","0000936468"
"Loews Corp.","L","Financials","Multi-line Insurance","New York, New York",NA,"0000060086"
"Lowe's Cos.","LOW","Consumer Discretionary","Home Improvement Retail","Mooresville, North Carolina","1984-02-29","0000060667"
"LyondellBasell","LYB","Materials","Specialty Chemicals","Rotterdam, Netherlands","2012-09-05","0001489393"
"M&T Bank Corp.","MTB","Financials","Regional Banks","Buffalo, New York",NA,"0000036270"
"Macerich","MAC","Real Estate","Retail REITs","Santa Monica, California","2013-05-09","0000912242"
"Macy's Inc.","M","Consumer Discretionary","Department Stores","Cincinnati, Ohio",NA,"0000794367"
"Marathon Oil Corp.","MRO","Energy","Oil & Gas Exploration & Production","Houston, Texas","1991-05-01","0000101778"
"Marathon Petroleum","MPC","Energy","Oil & Gas Refining & Marketing","Findlay, Ohio","2011-07-01","0001510295"
"Marriott Int'l.","MAR","Consumer Discretionary","Hotels, Resorts & Cruise Lines","Bethesda, Maryland",NA,"0001048286"
"Marsh & McLennan","MMC","Financials","Insurance Brokers","New York, New York","1987-08-31","0000062709"
"Martin Marietta Materials","MLM","Materials","Construction Materials","Raleigh, North Carolina","2014-07-02","0000916076"
"Masco Corp.","MAS","Industrials","Building Products","Taylor, Michigan","1981-06-30","0000062996"
"Mastercard Inc.","MA","Information Technology","Internet Software & Services","Harrison, New York","2008-07-18","0001141391"
"Mattel Inc.","MAT","Consumer Discretionary","Leisure Products","El Segundo, California","1982-03-31","0000063276"
"McCormick & Co.","MKC","Consumer Staples","Packaged Foods & Meats","Sparks, Maryland",NA,"0000063754"
"Maxim Integrated Products Inc","MXIM","Information Technology","Semiconductors","San Jose, California","2018-12-03","0000743316"
"McDonald's Corp.","MCD","Consumer Discretionary","Restaurants","Chicago, Illinois","1970-06-30","0000063908"
"McKesson Corp.","MCK","Health Care","Health Care Distributors","San Francisco, California",NA,"0000927653"
"Medtronic plc","MDT","Health Care","Health Care Equipment","Dublin, Ireland","1986-10-31","0000064670"
"Merck & Co.","MRK","Health Care","Pharmaceuticals","Whitehouse Station, New Jersey",NA,"0000310158"
"MetLife Inc.","MET","Financials","Life & Health Insurance","New York, New York",NA,"0001099219"
"Mettler Toledo","MTD","Health Care","Life Sciences Tools & Services","Columbus, Ohio","2016-09-06","0001037646"
"MGM Resorts International","MGM","Consumer Discretionary","Casinos & Gaming","Paradise, Nevada","2017-07-26","0000789570"
"Microchip Technology","MCHP","Information Technology","Semiconductors","Chandler, Arizona","2007-09-07","0000827054"
"Micron Technology","MU","Information Technology","Semiconductors","Boise, Idaho","1994-09-27","0000723125"
"Microsoft Corp.","MSFT","Information Technology","Systems Software","Redmond, Washington","1994-06-01","0000789019"
"Mid-America Apartments","MAA","Real Estate","Residential REITs","Memphis, Tennessee","2016-12-02","0000912595"
"Mohawk Industries","MHK","Consumer Discretionary","Home Furnishings","Amsterdam, New York","2013-12-23","0000851968"
"Molson Coors Brewing Company","TAP","Consumer Staples","Brewers","Denver, Colorado","1976-06-30","0000024545"
"Mondelez International","MDLZ","Consumer Staples","Packaged Foods & Meats","Deerfield, Illinois","2012-10-02","0001103982"
"Monster Beverage","MNST","Consumer Staples","Soft Drinks","Corona, California","2012-06-28","0000865752"
"Moody's Corp","MCO","Financials","Financial Exchanges & Data","New York, New York",NA,"0001059556"
"Morgan Stanley","MS","Financials","Investment Banking & Brokerage","New York, New York",NA,"0000895421"
"The Mosaic Company","MOS","Materials","Fertilizers & Agricultural Chemicals","Plymouth, Minnesota","2011-09-26","0001285785"
"Motorola Solutions Inc.","MSI","Information Technology","Communications Equipment","Schaumburg, Illinois",NA,"0000068505"
"MSCI Inc","MSCI","Financials","Financial Exchanges & Data","New York, New York","2018-04-04","0001408198"
"Mylan N.V.","MYL","Health Care","Pharmaceuticals","Amsterdam, Netherlands","2004-04-23","0000069499"
"Nasdaq, Inc.","NDAQ","Financials","Financial Exchanges & Data","New York, New York","2008-10-22","0001120193"
"National Oilwell Varco Inc.","NOV","Energy","Oil & Gas Equipment & Services","Houston, Texas","2005-03-14","0001021860"
"Nektar Therapeutics","NKTR","Health Care","Pharmaceuticals","San Francisco, California","2018-03-19","0000906709"
"NetApp","NTAP","Information Technology","Internet Software & Services","Sunnyvale, California","1999-06-25","0001002047"
"Netflix Inc.","NFLX","Communication Services","Movies & Entertainment","Los Gatos, California","2010-12-20","0001065280"
"Newell Brands","NWL","Consumer Discretionary","Housewares & Specialties","Sandy Springs, Georgia","1989-04-30","0000814453"
"Newmont Mining Corporation","NEM","Materials","Gold","Denver, Colorado","1969-06-30","0001164727"
"News Corp. Class A","NWSA","Communication Services","Publishing","New York, New York","2013-08-01","0001564708"
"News Corp. Class B","NWS","Communication Services","Publishing","New York, New York","2015-09-18","0001564708"
"NextEra Energy","NEE","Utilities","Multi-Utilities","Juno Beach, Florida","1976-06-30","0000753308"
"Nielsen Holdings","NLSN","Industrials","Research & Consulting Services","New York, New York","2013-07-09","0001492633"
"Nike","NKE","Consumer Discretionary","Apparel, Accessories & Luxury Goods","Washington County, Oregon","1988-11-30","0000320187"
"NiSource Inc.","NI","Utilities","Multi-Utilities","Merrillville, Indiana",NA,"0001111711"
"Noble Energy Inc","NBL","Energy","Oil & Gas Exploration & Production","Houston, Texas","2007-10-08","0000072207"
"Nordstrom","JWN","Consumer Discretionary","Department Stores","Seattle, Washington","1986-08-31","0000072333"
"Norfolk Southern Corp.","NSC","Industrials","Railroads","Norfolk, Virginia",NA,"0000702165"
"Northern Trust Corp.","NTRS","Financials","Asset Management & Custody Banks","Chicago, Illinois",NA,"0000073124"
"Northrop Grumman Corp.","NOC","Industrials","Aerospace & Defense","West Falls Church, Virginia","1985-06-30","0001133421"
"Norwegian Cruise Line","NCLH","Consumer Discretionary","Hotels, Resorts & Cruise Lines","Miami, Florida","2017-10-13","0001513761"
"NRG Energy","NRG","Utilities","Independent Power Producers & Energy Traders","Princeton, New Jersey","2010-01-29","0001013871"
"Nucor Corp.","NUE","Materials","Steel","Charlotte, North Carolina","1985-04-30","0000073309"
"Nvidia Corporation","NVDA","Information Technology","Semiconductors","Santa Clara, California","2001-11-30","0001045810"
"O'Reilly Automotive","ORLY","Consumer Discretionary","Specialty Stores","Springfield, Missouri","2009-03-27","0000898173"
"Occidental Petroleum","OXY","Energy","Oil & Gas Exploration & Production","Los Angeles, California","1982-12-31","0000797468"
"Omnicom Group","OMC","Communication Services","Advertising","New York, New York",NA,"0000029989"
"ONEOK","OKE","Energy","Oil & Gas Storage & Transportation","Tulsa, Oklahoma","2010-03-15","0001039684"
"Oracle Corp.","ORCL","Information Technology","Application Software","Redwood Shores, California","1989-08-31","0001341439"
"PACCAR Inc.","PCAR","Industrials","Construction Machinery & Heavy Trucks","Bellevue, Washington","1980-12-31","0000075362"
"Packaging Corporation of America","PKG","Materials","Paper Packaging","Lake Forest, Illinois","2017-07-26","0000075677"
"Parker-Hannifin","PH","Industrials","Industrial Machinery","Cleveland, Ohio","1985-11-30","0000076334"
"Paychex Inc.","PAYX","Information Technology","Internet Software & Services","Penfield, New York",NA,"0000723531"
"PayPal","PYPL","Information Technology","Data Processing & Outsourced Services","San Jose, California","2015-07-20","0001633917"
"Pentair plc","PNR","Industrials","Industrial Machinery","Worsley, UK","2012-10-01","0000077360"
"People's United Financial","PBCT","Financials","Thrifts & Mortgage Finance","Bridgeport, Connecticut","2008-11-13","0001378946"
"PepsiCo Inc.","PEP","Consumer Staples","Soft Drinks","Purchase, New York",NA,"0000077476"
"PerkinElmer","PKI","Health Care","Health Care Equipment","Waltham, Massachusetts","1985-05-31","0000031791"
"Perrigo","PRGO","Health Care","Pharmaceuticals","Dublin, Ireland","2011-12-19","0001585364"
"Pfizer Inc.","PFE","Health Care","Pharmaceuticals","New York, New York",NA,"0000078003"
"Philip Morris International","PM","Consumer Staples","Tobacco","New York, New York","2008-03-31","0001413329"
"Phillips 66","PSX","Energy","Oil & Gas Refining & Marketing","Houston, Texas","2012-05-01","0001534701"
"Pinnacle West Capital","PNW","Utilities","Multi-Utilities","Phoenix, Arizona",NA,"0000764622"
"Pioneer Natural Resources","PXD","Energy","Oil & Gas Exploration & Production","Irving, Texas","2008-09-24","0001038357"
"PNC Financial Services","PNC","Financials","Regional Banks","Pittsburgh, Pennsylvania","1988-04-30","0000713676"
"Polo Ralph Lauren Corp.","RL","Consumer Discretionary","Apparel, Accessories & Luxury Goods","New York, New York","2007-02-02","0001037038"
"PPG Industries","PPG","Materials","Specialty Chemicals","Pittsburgh, Pennsylvania",NA,"0000079879"
"PPL Corp.","PPL","Utilities","Electric Utilities","Allentown, Pennsylvania",NA,"0000922224"
"Principal Financial Group","PFG","Financials","Life & Health Insurance","Des Moines, Iowa","2002-07-22","0001126328"
"Procter & Gamble","PG","Consumer Staples","Personal Products","Cincinnati, Ohio",NA,"0000080424"
"Progressive Corp.","PGR","Financials","Property & Casualty Insurance","Mayfield Village, Ohio","1997-08-04","0000080661"
"Prologis","PLD","Real Estate","Industrial REITs","San Francisco, California","2003-07-17","0001045609"
"Prudential Financial","PRU","Financials","Life & Health Insurance","Newark, New Jersey","2002-07-22","0001137774"
"Public Serv. Enterprise Inc.","PEG","Utilities","Electric Utilities","Newark, New Jersey",NA,"0000788784"
"Public Storage","PSA","Real Estate","Specialized REITs","Glendale, California","2005-08-19","0001393311"
"Pulte Homes Inc.","PHM","Consumer Discretionary","Homebuilding","Atlanta, Georgia","1984-04-30","0000822416"
"PVH Corp.","PVH","Consumer Discretionary","Apparel, Accessories & Luxury Goods","New York, New York","2013-02-15","0000078239"
"Qorvo","QRVO","Information Technology","Semiconductors","Greensboro, North Carolina","2015-06-11","0001604778"
"Quanta Services Inc.","PWR","Industrials","Construction & Engineering","Houston, Texas","2009-07-01","0001050915"
"QUALCOMM Inc.","QCOM","Information Technology","Semiconductors","San Diego, California",NA,"0000804328"
"Quest Diagnostics","DGX","Health Care","Health Care Services","Madison, New Jersey","2002-12-12","0001022079"
"Raymond James Financial Inc.","RJF","Financials","Investment Banking & Brokerage","St. Petersburg, Florida","2017-03-20","0000720005"
"Raytheon Co.","RTN","Industrials","Aerospace & Defense","Waltham, Massachusetts",NA,"0001047122"
"Realty Income Corporation","O","Real Estate","Retail REITs","San Diego, California","2015-04-07","0000726728"
"Red Hat Inc.","RHT","Information Technology","Systems Software","Raleigh, North Carolina","2009-07-27","0001087423"
"Regency Centers Corporation","REG","Real Estate","Retail REITs","Jacksonville, Florida","2017-03-02","0000910606"
"Regeneron","REGN","Health Care","Biotechnology","Tarrytown, New York","2013-05-01","0000872589"
"Regions Financial Corp.","RF","Financials","Regional Banks","Birmingham, Alabama","1998-08-28","0001281761"
"Republic Services Inc","RSG","Industrials","Environmental & Facilities Services","Phoenix, Arizona","2008-12-05","0001060391"
"ResMed","RMD","Health Care","Health Care Equipment","San Diego, California","2017-07-26","0000943819"
"Robert Half International","RHI","Industrials","Human Resource & Employment Services","Menlo Park, California","2000-12-05","0000315213"
"Rockwell Automation Inc.","ROK","Industrials","Electrical Components & Equipment","Milwaukee, Wisconsin",NA,"0001024478"
"Rollins Inc.","ROL","Industrials","Environmental & Facilities Services","Atlanta, Georgia","2018-10-01","0000084839"
"Roper Technologies","ROP","Industrials","Industrial Conglomerates","Sarasota, Florida","2009-12-23","0000882835"
"Ross Stores","ROST","Consumer Discretionary","Apparel Retail","Pleasanton, California","2009-12-21","0000745732"
"Royal Caribbean Cruises Ltd","RCL","Consumer Discretionary","Hotels, Resorts & Cruise Lines","Miami, Florida","2014-12-05","0000884887"
"Salesforce.com","CRM","Information Technology","Internet Software & Services","San Francisco, California","2008-09-15","0001108524"
"SBA Communications","SBAC","Real Estate","Specialized REITs","Boca Raton, Florida","2017-09-01","0001034054"
"Schlumberger Ltd.","SLB","Energy","Oil & Gas Equipment & Services","Curaçao, Kingdom of the Netherlands","1965-03-31","0000087347"
"Seagate Technology","STX","Information Technology","Technology Hardware, Storage & Peripherals","Dublin, Ireland","2012-07-02","0001137789"
"Sealed Air","SEE","Materials","Paper Packaging","Elmwood Park, New Jersey",NA,"0001012100"
"Sempra Energy","SRE","Utilities","Multi-Utilities","San Diego, California",NA,"0001032208"
"Sherwin-Williams","SHW","Materials","Specialty Chemicals","Cleveland, Ohio","1964-06-30","0000089800"
"Simon Property Group Inc","SPG","Real Estate","Retail REITs","Indianapolis, Indiana","2002-06-26","0001063761"
"Skyworks Solutions","SWKS","Information Technology","Semiconductors","Woburn, Massachusetts","2015-03-12","0000004127"
"SL Green Realty","SLG","Real Estate","Office REITs","New York, New York","2015-03-20","0001040971"
"Snap-on","SNA","Industrials","Industrial Machinery","Kenosha, Wisconsin","1982-09-30","0000091440"
"Southern Co.","SO","Utilities","Electric Utilities","Atlanta, Georgia",NA,"0000092122"
"Southwest Airlines","LUV","Industrials","Airlines","Dallas, Texas","1994-07-01","0000092380"
"S&P Global, Inc.","SPGI","Financials","Financial Exchanges & Data","New York, New York",NA,"0000064040"
"Stanley Black & Decker","SWK","Industrials","Industrial Machinery","New Britain, Connecticut","1982-09-30","0000093556"
"Starbucks Corp.","SBUX","Consumer Discretionary","Restaurants","Seattle, Washington",NA,"0000829224"
"State Street Corp.","STT","Financials","Asset Management & Custody Banks","Boston, Massachusetts",NA,"0000093751"
"Stryker Corp.","SYK","Health Care","Health Care Equipment","Kalamazoo, Michigan","2000-12-12","0000310764"
"SunTrust Banks","STI","Financials","Regional Banks","Atlanta, Georgia","1988-05-31","0000750556"
"SVB Financial","SIVB","Financials","Regional Banks","Santa Clara, California","2018-03-19","0000719739"
"Symantec Corp.","SYMC","Information Technology","Application Software","Mountain View, California","2003-03-25","0000849399"
"Synchrony Financial","SYF","Financials","Consumer Finance","Stamford, Connecticut","2015-11-18","0001601712"
"Synopsys Inc.","SNPS","Information Technology","Application Software","Mountain View, California","2017-03-16","0000883241"
"Sysco Corp.","SYY","Consumer Staples","Food Distributors","Houston, Texas","1986-12-31","0000096021"
"T. Rowe Price Group","TROW","Financials","Asset Management & Custody Banks","Baltimore, Maryland",NA,"0001113169"
"Take-Two Interactive","TTWO","Communication Services","Interactive Home Entertainment","New York, New York","2018-03-19","0000946581"
"Tapestry, Inc.","TPR","Consumer Discretionary","Apparel, Accessories & Luxury Goods","New York, New York",NA,"0001116132"
"Target Corp.","TGT","Consumer Discretionary","General Merchandise Stores","Minneapolis, Minnesota","1976-12-31","0000027419"
"TE Connectivity Ltd.","TEL","Information Technology","Electronic Manufacturing Services","Schaffhausen, Switzerland","2011-10-17","0001385157"
"TechnipFMC","FTI","Energy","Oil & Gas Equipment & Services","London, United Kingdom","2009-06-05","0001681459"
"Teleflex Inc","TFX","Health Care","Health Care Equipment","Wayne, Pennsylvania","2019-01-18","0000096943"
"Texas Instruments","TXN","Information Technology","Semiconductors","Dallas, Texas",NA,"0000097476"
"Textron Inc.","TXT","Industrials","Aerospace & Defense","Providence, Rhode Island","1978-12-31","0000217346"
"Thermo Fisher Scientific","TMO","Health Care","Health Care Equipment","Waltham, Massachusetts",NA,"0000097745"
"Tiffany & Co.","TIF","Consumer Discretionary","Apparel, Accessories & Luxury Goods","New York, New York","2000-06-21","0000098246"
"Twitter, Inc.","TWTR","Communication Services","Interactive Media & Services","San Francisco, California","2018-06-07","0001418091"
"TJX Companies Inc.","TJX","Consumer Discretionary","Apparel Retail","Framingham, Massachusetts","1985-09-30","0000109198"
"Torchmark Corp.","TMK","Financials","Life & Health Insurance","McKinney, Texas","1989-04-30","0000320335"
"Total System Services","TSS","Information Technology","Internet Software & Services","Columbus, Georgia","2008-01-02","0000721683"
"Tractor Supply Company","TSCO","Consumer Discretionary","Specialty Stores","Brentwood, Tennessee","2014-01-24","0000916365"
"TransDigm Group","TDG","Industrials","Aerospace & Defense","Cleveland, Ohio","2016-06-03","0001260221"
"The Travelers Companies Inc.","TRV","Financials","Property & Casualty Insurance","New York, New York","2002-08-21","0000086312"
"TripAdvisor","TRIP","Communication Services","Interactive Media & Services","Newton, Massachusetts","2011-12-21","0001526520"
"Twenty-First Century Fox Class A","FOXA","Communication Services","Movies & Entertainment","New York, New York","2013-07-01","0001308161"
"Twenty-First Century Fox Class B","FOX","Communication Services","Movies & Entertainment","New York, New York","2015-09-18","0001308161"
"Tyson Foods","TSN","Consumer Staples","Packaged Foods & Meats","Springdale, Arkansas",NA,"0000100493"
"UDR Inc","UDR","Real Estate","Residential REITs","Highlands Ranch, Colorado","2016-03-07","0000074208"
"Ulta Beauty","ULTA","Consumer Discretionary","Specialty Stores","Bolingbrook, Illinois","2016-04-18","0001403568"
"U.S. Bancorp","USB","Financials","Diversified Banks","Minneapolis, Minnesota",NA,"0000036104"
"Under Armour Class A","UAA","Consumer Discretionary","Apparel, Accessories & Luxury Goods","Baltimore, Maryland","2016-03-25","0001336917"
"Under Armour Class C","UA","Consumer Discretionary","Apparel, Accessories & Luxury Goods","Baltimore, Maryland","2014-05-01","0001336917"
"Union Pacific","UNP","Industrials","Railroads","Omaha, Nebraska",NA,"0000100885"
"United Continental Holdings","UAL","Industrials","Airlines","Chicago, Illinois","2015-09-03","0000100517"
"United Health Group Inc.","UNH","Health Care","Managed Health Care","Minnetonka, Minnesota","1994-07-01","0000731766"
"United Parcel Service","UPS","Industrials","Air Freight & Logistics","Atlanta, Georgia","2002-07-22","0001090727"
"United Rentals, Inc.","URI","Industrials","Trading Companies & Distributors","Stamford, Connecticut","2014-09-20","0001067701"
"United Technologies","UTX","Industrials","Aerospace & Defense","Hartford, Connecticut",NA,"0000101829"
"Universal Health Services, Inc.","UHS","Health Care","Health Care Facilities","King of Prussia, Pennsylvania","2014-09-20","0000352915"
"Unum Group","UNM","Financials","Life & Health Insurance","Chattanooga, Tennessee","1994-03-01","0000005513"
"V.F. Corp.","VFC","Consumer Discretionary","Apparel, Accessories & Luxury Goods","Greensboro, North Carolina","1979-06-30","0000103379"
"Valero Energy","VLO","Energy","Oil & Gas Refining & Marketing","San Antonio, Texas",NA,"0001035002"
"Varian Medical Systems","VAR","Health Care","Health Care Equipment","Palo Alto, California","2007-02-12","0000203527"
"Ventas Inc","VTR","Real Estate","Health Care REITs","Chicago, Illinois","2009-03-04","0000740260"
"Verisign Inc.","VRSN","Information Technology","Internet Services & Infrastructure","Dulles, Virginia","2006-02-01","0001014473"
"Verisk Analytics","VRSK","Industrials","Research & Consulting Services","Jersey City, New Jersey","2015-10-08","0001442145"
"Verizon Communications","VZ","Communication Services","Integrated Telecommunication Services","New York, New York","1983-11-30","0000732712"
"Vertex Pharmaceuticals Inc","VRTX","Health Care","Biotechnology","Cambridge, Massachusetts","2013-09-23","0000875320"
"Viacom Inc.","VIAB","Communication Services","Movies & Entertainment","New York, New York",NA,"0001339947"
"Visa Inc.","V","Information Technology","Internet Software & Services","San Francisco, California","2009-12-21","0001403161"
"Vornado Realty Trust","VNO","Real Estate","Office REITs","New York, New York",NA,"0000899689"
"Vulcan Materials","VMC","Materials","Construction Materials","Birmingham, Alabama","1999-06-30","0001396009"
"Wabtec Corporation","WAB","Industrials","Construction Machinery & Heavy Trucks","Wilmerding, Pennsylvania","2019-02-27","0000943452"
"Walmart","WMT","Consumer Staples","Hypermarkets & Super Centers","Bentonville, Arkansas","1982-08-31","0000104169"
"Walgreens Boots Alliance","WBA","Consumer Staples","Drug Retail","Deerfield, Illinois","1979-12-31","0001618921"
"The Walt Disney Company","DIS","Communication Services","Movies & Entertainment","Burbank, California","1976-06-30","0001001039"
"Waste Management Inc.","WM","Industrials","Environmental & Facilities Services","Houston, Texas",NA,"0000823768"
"Waters Corporation","WAT","Health Care","Health Care Distributors","Milford, Massachusetts",NA,"0001000697"
"Wec Energy Group Inc","WEC","Utilities","Electric Utilities","Milwaukee, Wisconsin","2008-10-31","0000783325"
"WellCare","WCG","Health Care","Managed Health Care","Tampa, Florida","1985","0001279363"
"Wells Fargo","WFC","Financials","Diversified Banks","San Francisco, California","1976-06-30","0000072971"
"Welltower Inc.","WELL","Real Estate","Health Care REITs","Toledo, Ohio","2009-01-30","0000766704"
"Western Digital","WDC","Information Technology","Technology Hardware, Storage & Peripherals","Irvine, California","2009-07-01","0000106040"
"Western Union Co","WU","Information Technology","Internet Software & Services","Englewood, Colorado",NA,"0001365135"
"WestRock","WRK","Materials","Paper Packaging","Richmond, Virginia",NA,"0001636023"
"Weyerhaeuser","WY","Real Estate","Specialized REITs","Federal Way, Washington",NA,"0000106535"
"Whirlpool Corp.","WHR","Consumer Discretionary","Household Appliances","Benton Harbor, Michigan",NA,"0000106640"
"Williams Cos.","WMB","Energy","Oil & Gas Storage & Transportation","Tulsa, Oklahoma","1975-03-31","0000107263"
"Willis Towers Watson","WLTW","Financials","Insurance Brokers","London, United Kingdom","2016-01-05","0001140536"
"Wynn Resorts Ltd","WYNN","Consumer Discretionary","Casinos & Gaming","Paradise, Nevada","2008-11-14","0001174922"
"Xcel Energy Inc","XEL","Utilities","Multi-Utilities","Minneapolis, Minnesota",NA,"0000072903"
"Xerox","XRX","Information Technology","Technology Hardware, Storage & Peripherals","Norwalk, Connecticut",NA,"0000108772"
"Xilinx","XLNX","Information Technology","Semiconductors","San Jose, California","1999-11-08","0000743988"
"Xylem Inc.","XYL","Industrials","Industrial Machinery","White Plains, New York","2011-11-01","0001524472"
"Yum! Brands Inc","YUM","Consumer Discretionary","Restaurants","Louisville, Kentucky","1997-10-06","0001041061"
"Zimmer Biomet Holdings","ZBH","Health Care","Health Care Equipment","Warsaw, Indiana","2001-08-07","0001136869"
"Zions Bancorp","ZION","Financials","Regional Banks","Salt Lake City, Utah","2001-06-22","0000109380"
"Zoetis","ZTS","Health Care","Pharmaceuticals","Florham Park, New Jersey","2013-06-21","0001555280"
